-- MySQL dump 10.13  Distrib 8.0.38, for Win64 (x86_64)
--
-- Host: localhost    Database: listado_maestro
-- ------------------------------------------------------
-- Server version	5.5.5-10.4.32-MariaDB

/*!40101 SET @OLD_CHARACTER_SET_CLIENT=@@CHARACTER_SET_CLIENT */;
/*!40101 SET @OLD_CHARACTER_SET_RESULTS=@@CHARACTER_SET_RESULTS */;
/*!40101 SET @OLD_COLLATION_CONNECTION=@@COLLATION_CONNECTION */;
/*!50503 SET NAMES utf8 */;
/*!40103 SET @OLD_TIME_ZONE=@@TIME_ZONE */;
/*!40103 SET TIME_ZONE='+00:00' */;
/*!40014 SET @OLD_UNIQUE_CHECKS=@@UNIQUE_CHECKS, UNIQUE_CHECKS=0 */;
/*!40014 SET @OLD_FOREIGN_KEY_CHECKS=@@FOREIGN_KEY_CHECKS, FOREIGN_KEY_CHECKS=0 */;
/*!40101 SET @OLD_SQL_MODE=@@SQL_MODE, SQL_MODE='NO_AUTO_VALUE_ON_ZERO' */;
/*!40111 SET @OLD_SQL_NOTES=@@SQL_NOTES, SQL_NOTES=0 */;

--
-- Table structure for table `documentos`
--

DROP TABLE IF EXISTS `documentos`;
/*!40101 SET @saved_cs_client     = @@character_set_client */;
/*!50503 SET character_set_client = utf8mb4 */;
CREATE TABLE `documentos` (
  `id_documento` bigint(20) NOT NULL AUTO_INCREMENT,
  `id_procedimiento` bigint(20) NOT NULL,
  `nombre_documento` varchar(300) NOT NULL,
  `nombre_documento_magnetico` varchar(300) NOT NULL COMMENT 'Ruta del archivo Excel',
  `nombre_documento_visualizacion` varchar(300) NOT NULL COMMENT 'Nombre del archivo PDF generado',
  `tipo_documento` varchar(20) DEFAULT NULL,
  `codigo` varchar(500) NOT NULL,
  `version` int(11) NOT NULL,
  `fecha_elaboracion` datetime NOT NULL,
  `id_responsable` bigint(20) NOT NULL,
  `createdAt` datetime DEFAULT current_timestamp(),
  `updatedAt` datetime DEFAULT current_timestamp() ON UPDATE current_timestamp(),
  `estado` enum('Activo','Inactivo') DEFAULT 'Activo',
  PRIMARY KEY (`id_documento`)
) ENGINE=InnoDB AUTO_INCREMENT=531 DEFAULT CHARSET=latin1 COLLATE=latin1_swedish_ci;
/*!40101 SET character_set_client = @saved_cs_client */;

--
-- Dumping data for table `documentos`
--

LOCK TABLES `documentos` WRITE;
/*!40000 ALTER TABLE `documentos` DISABLE KEYS */;
INSERT INTO `documentos` VALUES (279,49,'Produccion Formato Cosecha (BPA)  ','04 FOr CBPA 01 cosecha bpa.xlsx ','04 FOr CBPA 01 cosecha bpa.pdf','Formato','FOr-CBPA-04-01/09-15  ',1,'2024-03-02 11:53:22',1,'2024-10-08 20:02:32','2024-10-08 20:02:32','Activo'),(280,44,'Formato Acta de Entrega ','01 FOr AE 01 acta entrega.docx','01 FOr AE 01 acta entrega.pdf','Formato','FOr-AE-01-01/11-12 ',1,'2024-03-04 07:53:29',25,'2024-10-08 20:02:32','2024-10-08 20:02:32','Activo'),(281,44,'Formato Asistencia de Visitas al Centro','01 FOr AVC 01 visit al centr.xlsx','01 FOr AVC 01 visit al centr.pdf','Formato','FOr-AVC-01-01/10-17',1,'2024-03-04 08:02:35',40,'2024-10-08 20:02:32','2024-10-08 20:02:32','Activo'),(285,44,'Formato Cronograma de Actividades Aseguramiento y Mejora Continua','01 FOr CDA 01 cronogr actv aseg y mej c.xlsx','01 FOr CDA 01 cronogr actv aseg y mej c.pdf','Formato','01 FOr CDA 01 cronogr actv aseg y mej c',2,'2024-03-04 08:48:38',5,'2024-10-08 20:02:32','2024-10-08 20:02:32','Activo'),(296,44,'Formato Cronograma de Actividades ','DT10224GE-CRONOGRAMA-ACTIVIDAD.xlsm','DT10224GE-CRONOGRAMA-ACTIVIDAD.pdf','Formato','01 FOr CDA 02 cronogra ',2,'2024-03-04 12:04:39',15,'2024-10-08 20:02:32','2024-10-08 20:02:32','Activo'),(297,44,'Formato Cronograma de Visitas a Unidades','01 FOr CVU 01 cronog VU.xlsx','01 FOr CVU 01 cronog VU.pdf','Formato','FOr-CVU-01-01/05-15',1,'2024-03-04 15:15:20',40,'2024-10-08 20:02:32','2024-10-08 20:02:32','Activo'),(298,44,'Formato Evaluacion Nivel de Satisfaccion','01 FOr ENS 01 eva nivel satis.docx','01 FOr ENS 01 eva nivel satis.pdf','Formato','FOr- ENS-01-01/ 08-15  ',1,'2024-03-04 15:17:15',40,'2024-10-08 20:02:32','2024-10-08 20:02:32','Activo'),(299,44,'Formato Listado De Ingreso al Centro Fin de Semana','01 FOr LICFS 01 list ingre.xlsx','01 FOr LICFS 01 list ingre.pdf','Formato','FOr-LICFS-01-01/11-17',1,'2024-03-04 15:22:53',15,'2024-10-08 20:02:32','2024-10-08 20:02:32','Activo'),(300,44,'Formato Plan Operativo','01 FOr PO 01 plan operativo.xlsx','01 FOr PO 01 plan operativo.pdf','Formato','FOr-PO-01-01/04-13',11,'2024-03-04 15:25:12',25,'2024-10-08 20:02:32','2024-10-08 20:02:32','Activo'),(301,44,'Formato Pedido de Oficina Sena Empresa','01 For POSE 01 pedi ofi senaemp.xlsx','01 For POSE 01 pedi ofi senaemp.pdf','Formato','FOr-POSE-01-01/09-15',1,'2024-03-04 15:44:26',40,'2024-10-08 20:02:32','2024-10-08 20:02:32','Activo'),(302,44,'Formato de Permiso Sena Empresa Domingo','01 For PSED 01 permi dom.xlsx','01 For PSED 01 permi dom.pdf','Formato','FOr-PSED-06-01/10-17',1,'2024-03-04 15:46:10',40,'2024-10-08 20:02:32','2024-10-08 20:02:32','Activo'),(303,44,'Formato Paz y Salvo Sena Empresa','01 FOr PSSE 01 paz salvo se em.docx','01 FOr PSSE 01 paz salvo se em.pdf','Formato','FOr-PSSE-01-01/03-15 ',1,'2024-03-04 15:47:49',40,'2024-10-08 20:02:32','2024-10-08 20:02:32','Activo'),(304,44,'Formato Registro Control de Visitas Tecnicas','01 FOr RCVT 01 regi con vis te.xlsx','01 FOr RCVT 01 regi con vis te.pdf','Formato','FOr-RCVT-01-01/11-14 ',1,'2024-03-04 15:49:18',40,'2024-10-08 20:02:32','2024-10-08 20:02:32','Activo'),(306,44,'Instructivo Para la Atención a Visitantes ','DT30819GE-PLANTILLA.PROTOCOLO 222.docx','DT30819GE-PLANTILLA.PROTOCOLO 222.pdf','Instructivo','02 INs AV 01 ins atenc visitas ',2,'2024-03-05 09:30:34',40,'2024-10-08 20:02:32','2024-10-10 18:12:24','Inactivo'),(328,49,'Formato Control de Arvenses (BPA)','04 FOr CABPA 01 control arven.xlsx','04 FOr CABPA 01 control arven.pdf','Formato','FOr-CABPA-04-01/09-15',1,'2024-03-06 08:26:54',1,'2024-10-08 20:02:32','2024-10-08 20:02:32','Activo'),(329,50,'04 FOR CB 01 control botellones ','04 FOr CB 01 control botellones.pdf','04 FOr CB 01 control botellones.pdf','Formato','04 FOr CB 01 control botellon',1,'2024-03-06 08:29:13',38,'2024-10-08 20:02:32','2024-10-08 20:02:32','Activo'),(330,50,'Formato Control de Contaminacion por Hongos y Bacterias de Plantulas de Laboratorio de Biotecnologia','04 FOr CCHBPLB  01 conta hong.docx','04 FOr CCHBPLB  01 conta hong.pdf','Formato','FOr-CCHBPLB-04-02/06-16',1,'2024-03-06 08:36:09',18,'2024-10-08 20:02:32','2024-10-08 20:02:32','Activo'),(332,49,'Formato Control de Herramientas (BPA)','04 FOr CHBPA 01 control herram bpa.pdf','04 FOr CHBPA 01 control herram bpa.pdf','Formato','FOr-CHBPA-04-01/07-16',1,'2024-03-07 08:36:53',18,'2024-10-08 20:02:32','2024-10-08 20:02:32','Activo'),(333,57,'Formato de Control de Inventario de Bolsas','04 FOr CIB 02 inve bols.xlsx','04 FOr CIB 02 inve bols.pdf','Formato','FOr-CIB-07-02/11-17',1,'2024-03-07 08:42:46',37,'2024-10-08 20:02:32','2024-10-08 20:02:32','Activo'),(334,50,'Programa Mantenimiento Correctivo de Tractores e Implementos Agricolas','04 FOr CMCTIA 01 mant corre tract.pdf','04 FOr CMCTIA 01 mant corre tract.pdf','Formato','FOr-MCTIA-04-01/12-15 ',1,'2024-03-07 08:51:14',49,'2024-10-08 20:02:32','2024-10-08 20:02:32','Activo'),(335,50,'Formato Control de Mantenimiento Preventivo de Tractores E Implementos Agricolas','04 FOr CMPTIA 01 mant prev tract.pdf','04 FOr CMPTIA 01 mant prev tract.pdf','Formato','FOr-MPTIA-04-01/12-15 ',1,'2024-03-07 09:04:02',51,'2024-10-08 20:02:32','2024-10-08 20:02:32','Activo'),(336,49,'Formato de Celos y Montas Unidad de Ganaderia','04 FOr CMUG 01 for cel y mon.xlsx','04 FOr CMUG 01 for cel y mon.pdf','Formato','FOr-CMUG-04-01/11-17',1,'2024-03-07 09:12:55',18,'2024-10-08 20:02:32','2024-10-08 20:02:32','Activo'),(337,49,'Formato Control de Montas Unidades de Ovinos','04 FOr CMUO 01 montas uni ovi.docx','04 FOr CMUO 01 montas uni ovi.pdf','Formato','FOr-CMUO-04-01/ 09-15 ',1,'2024-03-07 09:18:57',18,'2024-10-08 20:02:32','2024-10-08 20:02:32','Activo'),(338,49,'Formato de Control de Plagas','04 FOr CP 01 contr plag.docx','04 FOr CP 01 contr plag.pdf','Formato','FOr-CP-04-01/05-12 ',1,'2024-03-07 09:21:40',1,'2024-10-08 20:02:32','2024-10-08 20:02:32','Activo'),(339,50,'Formato Control de Prestamo de Equipo de Laboratorio','04 FOr CPEL 01 cont pres equ.xls','04 FOr CPEL 01 cont pres equ.pdf','Formato','FOr-CPEL-04-01/07-15',1,'2024-03-11 08:39:49',12,'2024-10-08 20:02:32','2024-10-08 20:02:32','Activo'),(340,49,'Formato Control de Plagas en la Unidad de Avicultura','04 FOr CPUA 01 con pla avi.docx','04 FOr CPUA 01 con pla avi.pdf','Formato','FOr – CPUA – 04-01/07-15',1,'2024-03-11 08:44:49',18,'2024-10-08 20:02:32','2024-10-08 20:02:32','Activo'),(341,44,'Formato Cronograma Semestral de Fertilizacion (BPA)','04 FOr CSFBPA 01 cron semes ferti bpa.pdf','04 FOr CSFBPA 01 cron semes ferti bpa.pdf','Formato','FOr-CSFBPA-01-01/07-16',1,'2024-03-11 08:49:36',2,'2024-10-08 20:02:32','2024-10-08 20:02:32','Activo'),(342,50,'Formato Control y Uso de los Reactivos de Laboratorio de Suelos','04 FOr CURLS 01 cont uso rls.xls','04 FOr CURLS 01 cont uso rls.pdf','Formato','For-CURLS-04-01/07-15',1,'2024-03-11 08:53:53',12,'2024-10-08 20:02:32','2024-10-08 20:02:32','Activo'),(343,49,'Formato de Evaluacion de Criterios de Aceptacion o Rechazo de Materias Primas, Insumos y Producto Terminado','04 FOr ECARMPIPT 03 eval crit mp i pt f-236.pdf','04 FOr ECARMPIPT 03 eval crit mp i pt f-236.pdf','Formato','FOr ECARMPIPT 04-03/02-15',1,'2024-03-11 08:57:39',17,'2024-10-08 20:02:32','2024-10-08 20:02:32','Activo'),(345,49,'Formato Ficha Producto Terminado ','04 FOr FPT 01 ft product.docx','04 FOr FPT 01 ft product.pdf','Formato','FOr-FPT-04-01/08-13',1,'2024-03-11 09:10:59',17,'2024-10-08 20:02:32','2024-10-08 20:02:32','Activo'),(346,49,'Formato de Fichas Tecnicas de los Cultivos','04 FOr FTC 01 fich tec cult.xls','04 FOr FTC 01 fich tec cult.pdf','Formato','FOr-FTC-04-01/11-13',1,'2024-03-11 09:32:26',1,'2024-10-08 20:02:32','2024-10-08 20:02:32','Activo'),(347,49,'Formato Ficha Tecnica de Detergentes y Desinfectantes','04 FOr FTDYD 01 ft det y desif.docx','04 FOr FTDYD 01 ft det y desif.pdf','Formato','FOr-FTDD-04-01/08-13  ',1,'2024-03-11 09:39:22',17,'2024-10-08 20:02:32','2024-10-08 20:02:32','Activo'),(348,49,'Formato Ficha Tecnica de Equipos','04 FOr FTE 01 ft equipos.docx','04 FOr FTE 01 ft equipos.pdf','Formato','FOr-FTE-04-01/08-13',1,'2024-03-11 09:54:21',17,'2024-10-08 20:02:32','2024-10-08 20:02:32','Activo'),(349,49,'Formato Ficha Tecnica de Materias Primas e Insumos','04 FOr FTMPEI 01 ft mp.docx','04 FOr FTMPEI 01 ft mp.pdf','Formato','FOr-FTMPI-04-01/02-13',1,'2024-03-11 13:55:56',18,'2024-10-08 20:02:32','2024-10-08 20:02:32','Activo'),(350,49,'Formato Historial de Cultivo (BPA)','04 FOr HCBPA 01 histor culti bpa.pdf','04 FOr HCBPA 01 histor culti bpa.pdf','Formato','FOr-HCBPA-04-01/07-16',1,'2024-03-11 14:05:49',17,'2024-10-08 20:02:32','2024-10-08 20:02:32','Activo'),(351,50,'Formato de Inspeccion y Auditoria Programa de Limpieza y Desinfeccion','04 FOr IAPLD 01 insp y aud.docx','04 FOr IAPLD 01 insp y aud.pdf','Formato','FOr-IAPLD 04-02/11-17',1,'2024-03-11 14:08:22',22,'2024-10-08 20:02:32','2024-10-08 20:02:32','Activo'),(352,49,'Formato Informe Ejecutivo','04 FOr IE 01 forma inf ejecu.xlsx','04 FOr IE 01 forma inf ejecu.pdf','Formato','FOr-IE-04-01/02-15      ',1,'2024-03-11 14:15:55',2,'2024-10-08 20:02:32','2024-10-08 20:02:32','Activo'),(353,49,'Formato Informe Ejecutivo Area de Mecanizacion Agricola','04 FOr IEAMA 04 inform ejec mec..pdf','04 FOr IEAMA 04 inform ejec mec..pdf','Formato','FOr-IEAMA- 04-02/05-16 ',1,'2024-03-11 14:18:24',2,'2024-10-08 20:02:32','2024-10-08 20:02:32','Activo'),(354,50,'Formato de Informe de Labores Diarias','04 For ILD 01 infor labo diarias.pdf','04 For ILD 01 infor labo diarias.pdf','Formato','FOr-ILD-04-01/12-15',1,'2024-03-12 07:54:13',1,'2024-10-08 20:02:32','2024-10-08 20:02:32','Activo'),(355,49,'Formato Informe de Produccion de Bienes de Sena Empresa','04 FOr IPBSE 01 pro bie sen em.xls','04 FOr IPBSE 01 pro bie sen em.pdf','Formato','FOr-IPBSE-04-01/03-15',1,'2024-03-12 08:07:38',18,'2024-10-08 20:02:32','2024-10-08 20:02:32','Activo'),(356,50,'Formato de Inventario de Plantas Invitro del Laboratorio de Biotecnologia','04 FOr IPILBV 01 in pla in lbv.docx','04 FOr IPILBV 01 in pla in lbv.pdf','Formato','FOr-IPILBV-04-01/07-15',1,'2024-03-12 08:16:04',18,'2024-10-08 20:02:32','2024-10-08 20:02:32','Activo'),(357,49,'Formato de Ingreso de Personas y Vehiculos A la Granja Avicola Biosegura','04 FOr IPVGAB 01 ing per veh gab.docx','04 FOr IPVGAB 01 ing per veh gab.pdf','Formato','FOr – IPVGAB – 04-01/07-15',1,'2024-03-12 08:22:31',18,'2024-10-08 20:02:32','2024-10-08 20:02:32','Activo'),(358,49,'Formato de Informe Semanal de Actividades','04 FOr ISA 01 informe sem.docx','04 FOr ISA 01 informe sem.pdf','Formato','For-ISA-04-02/10-17',1,'2024-03-12 08:25:26',18,'2024-10-08 20:02:32','2024-10-08 20:02:32','Activo'),(359,49,'Formato de Informe Semanal Transporte Unidad de Mecanizacion Agricola','04 FOr ISTUMA 01 info sema transp.pdf','04 FOr ISTUMA 01 info sema transp.pdf','Formato','FOr-ISTUMA-04-01/12-15',1,'2024-03-12 08:27:49',49,'2024-10-08 20:02:32','2024-10-08 20:02:32','Activo'),(360,49,'Formato Ingreso a la Unidad','04 FOr IU 01 ingreso unidad.xlsx','04 FOr IU 01 ingreso unidad.pdf','Formato','FOr- IU-04-01/09-15',1,'2024-03-12 08:31:36',18,'2024-10-08 20:02:32','2024-10-08 20:02:32','Activo'),(361,49,'Formato Labores de Cultivo (BPA)','04 FOr LCBPA labor culti bpa.pdf','04 FOr LCBPA labor culti bpa.pdf','Formato','FOr-LCBPA-04-01/07-16',1,'2024-03-13 08:34:27',18,'2024-10-08 20:02:32','2024-10-08 20:02:32','Activo'),(362,49,'Formato de Limpieza y Desinfeccion de Equipos y Herramientas (BPA)','04 FOr LDEBPA 01 lim desin equi herra bpa.pdf','04 FOr LDEBPA 01 lim desin equi herra bpa.pdf','Formato','FOr-LDEHBPA-04-01/07-16',1,'2024-03-13 08:36:37',2,'2024-10-08 20:02:32','2024-10-08 20:02:32','Activo'),(363,49,'Formato de Limpieza y Desinfeccion de la Unidad de Avicultura','04 FOr LDUA 01 lim des uni avi.docx','04 FOr LDUA 01 lim des uni avi.pdf','Formato','FOr – LDUA – 04-01/07-15',1,'2024-03-13 08:39:13',18,'2024-10-08 20:02:32','2024-10-08 20:02:32','Activo'),(364,49,'Formato de Mantenimiento ','04 FOr M 01 mantenimiento.docx','04 FOr M 01 mantenimiento.pdf','Formato','FOr – M – 04-01/07-15',1,'2024-03-13 08:40:49',49,'2024-10-08 20:02:32','2024-10-08 20:02:32','Activo'),(365,49,'Formato Mortalidad de Aves','04 FOr MA 01 mor aves.docx','04 FOr MA 01 mor aves.pdf','Formato','FOr – MA – 04-01/07-15',1,'2024-03-13 08:49:48',18,'2024-10-08 20:02:32','2024-10-08 20:02:32','Activo'),(366,49,'Formato de Monitoreo de Cultivos Piscicolas','04 FOr MDCP 01 monitoreo pisci.xlsx','04 FOr MDCP 01 monitoreo pisci.pdf','Formato','FOr-MDCP-04-01/10-20',1,'2024-03-13 08:52:14',18,'2024-10-08 20:02:32','2024-10-08 20:02:32','Activo'),(367,49,'Formato de Manejo y Disposicion de la Mortalidad en la Gab','04 FOr MDMGAP 01 man mor aves.docx','04 FOr MDMGAP 01 man mor aves.pdf','Formato','FOr – MDMGAP – 04-01 - /07-15 ',1,'2024-03-13 08:56:39',18,'2024-10-08 20:02:32','2024-10-08 20:02:32','Activo'),(368,49,'Formato Mantenimiento de Equipos (BPA)','04 FOr MEBPA 01 mante equip bpa.pdf','04 FOr MEBPA 01 mante equip bpa.pdf','Formato','FOr-MEBPA-04-01/07-16',1,'2024-03-13 09:00:01',2,'2024-10-08 20:02:32','2024-10-08 20:02:32','Activo'),(369,49,'Formato Matriz Monitoreo del Cultivo (BPA)','04 FOr MMCBPA 01 monito cul.xlsx','04 FOr MMCBPA 01 monito cul.pdf','Formato','FOr-MMCBPA-04-01/09-15',1,'2024-03-13 09:03:13',1,'2024-10-08 20:02:32','2024-10-08 20:02:32','Activo'),(370,49,'Formato Medicion de Nitrogeno Laboratorio','04 FOr MN 02 medicion nitrog.pdf','04 FOr MN 02 medicion nitrog.pdf','Formato','FOr-MNL-04-02/06-16',1,'2024-03-13 09:05:10',52,'2024-10-08 20:02:32','2024-10-08 20:02:32','Activo'),(371,50,'Formato Nota de Servicio Agroindustria','04 FOr NSA 01 nota serv agro.pdf','04 FOr NSA 01 nota serv agro.pdf','Formato','FOr-NSA-04-01/03-15',1,'2024-03-13 09:07:37',10,'2024-10-08 20:02:32','2024-10-08 20:02:32','Activo'),(372,49,'Formato de Prestamo de Materiales y Equipos','04 FOr PME 02 prestamo mat.pdf','04 FOr PME 02 prestamo mat.pdf','Formato','FOr-PME-04-02/04-14',1,'2024-03-13 10:55:00',20,'2024-10-08 20:02:32','2024-10-08 20:02:32','Activo'),(373,50,'Formato Control de Prestamo de Equipos','04 For PP 01 perdidas procesos.pdf','04 For PP 01 perdidas procesos.pdf','Formato','FOr-CPE-04-02/06-16',1,'2024-03-13 10:56:31',40,'2024-10-08 20:02:32','2024-10-08 20:02:32','Activo'),(374,49,'Formato de Registro de Aplicaciones','04 FOr RA 02 reg aplicacion.xlsx','04 FOr RA 02 reg aplicacion.pdf','Formato','FOr-RA-04-02/11-12',1,'2024-03-13 10:58:35',1,'2024-10-08 20:02:32','2024-10-08 20:02:32','Activo'),(375,50,'Formato de Registro de Analisis de Muestra y Reporte de Resultados de Laboratorio ','04 FOr RAMRL 02 analisis mues.docx','04 FOr RAMRL 02 analisis mues.pdf','Formato','FOr- RAMRRL- 04-03/11-17',1,'2024-03-13 11:02:06',23,'2024-10-08 20:02:32','2024-10-08 20:02:32','Activo'),(376,49,'Formato de Registro de Administracion de Medicamentos Vetenarios Unidad de Ovinos','04 FOr RAMVUO 01 adm med ovi.xlsx','04 FOr RAMVUO 01 adm med ovi.pdf','Formato','FOr-RAMVUO-04-01/09-15',1,'2024-03-13 11:05:25',38,'2024-10-08 20:02:32','2024-10-08 20:02:32','Activo'),(377,49,'Formato Riego del Cultivo(BPA)','04 FOr RCBPA 01 riego cult bpa.pdf','04 FOr RCBPA 01 riego cult bpa.pdf','Formato','FOr-RCBPA-04-01/07-16',1,'2024-03-13 11:07:04',2,'2024-10-08 20:02:32','2024-10-08 20:02:32','Activo'),(378,50,'Formato de Registro, Control y Prestamo de Herramientas','04 FOr RCPH 01 reg con pre her.pdf','04 FOr RCPH 01 reg con pre her.pdf','Formato','FOr-RCPH-04-01/09-16',1,'2024-03-13 11:36:35',37,'2024-10-08 20:02:32','2024-10-08 20:02:32','Activo'),(379,49,'Formato de Registro Consolidado Semanal de Produccion Avicola','04 FOr RCSPA 01 cons sem produc avi.xlsx','04 FOr RCSPA 01 cons sem produc avi.pdf','Formato','FOr-RCSPA-04-01/10-15',1,'2024-03-13 11:38:24',18,'2024-10-08 20:02:32','2024-10-08 20:02:32','Activo'),(380,50,'Formato de Registro de Sustancias Quimicas Laboratorio Biotecnologia Vegetal','04 FOr RCSQLBV 01 reg sust qui.docx','04 FOr RCSQLBV 01 reg sust qui.pdf','Formato','FOR-RCSQLBV--04-01/07-15',1,'2024-03-13 11:44:06',12,'2024-10-08 20:02:32','2024-10-08 20:02:32','Activo'),(381,49,'Formato Registro de Bajas','04 FOr RDB 02 registro bajas f-94.pdf','04 FOr RDB 02 registro bajas f-94.pdf','Formato','FOr-RDB-04-02/08-12',1,'2024-03-13 11:47:59',18,'2024-10-08 20:02:32','2024-10-08 20:02:32','Activo'),(382,49,'Formato de Registro de Cosechas Piscicultura ','04 FOr RDCP 02 cosechas pisci.xlsx','04 FOr RDCP 02 cosechas pisci.pdf','Formato','FOr-RDCP-04-02/10-20 ',1,'2024-03-13 11:51:01',18,'2024-10-08 20:02:32','2024-10-08 20:02:32','Activo'),(383,49,'Formato de Registro Diario de Produccion Avicola','04 FOr RDPA 01 reg diar produ avi.xlsx','04 FOr RDPA 01 reg diar produ avi.pdf','Formato','FOr-RDPA-04-01/10-15',1,'2024-03-13 14:06:46',18,'2024-10-08 20:02:32','2024-10-08 20:02:32','Activo'),(384,49,'Formato de Registro Diario de Produccion Pecuaria Planta de Concentrados','04 FOr RDPPPDC 04 regist prod plant con.pdf','04 FOr RDPPPDC 04 regist prod plant con.pdf','Formato','FOr-RDPPPC-04-02/05-16',1,'2024-03-13 14:10:42',18,'2024-10-08 20:02:32','2024-10-08 20:02:32','Activo'),(385,49,'Formato de Registro Disposicion de Residuos Peligrosos','04 FOr RDRP 01 reg dis resi pe.docx','04 FOr RDRP 01 reg dis resi pe.pdf','Formato','FOr-RDRP-04-01/08-13',1,'2024-03-13 14:12:37',16,'2024-10-08 20:02:32','2024-10-08 20:02:32','Activo'),(386,49,'Formato Registro de Entradas  ','04 FOr RDE 03 registro entradas.xlsx','04 FOr RDE 03 registro entradas.pdf','Formato','FOr-RDE-04-03/01-24',3,'2024-03-13 14:13:49',18,'2024-10-08 20:02:32','2024-10-08 20:02:32','Activo'),(387,49,'Formato Registro de Fertilizacion','04 FOr RF 01 reg fertiliz.docx','04 FOr RF 01 reg fertiliz.pdf','Formato','FOr-RF-04-01/11-12',1,'2024-03-13 14:15:50',1,'2024-10-08 20:02:32','2024-10-08 20:02:32','Activo'),(388,49,'Formato Registro de Inventario Diario de Semovientes','04 FOr RIDS 01 inven diari.xlsx','04 FOr RIDS 01 inven diari.pdf','Formato','For-RIDS-04-01/11-17',1,'2024-03-13 14:20:39',23,'2024-10-08 20:02:32','2024-10-08 20:02:32','Activo'),(389,57,'Formato de Registro de Inventario Mensual de Medicamentos','04 FOr RIMM 01 regist inv mens medica .pdf','04 FOr RIMM 01 regist inv mens medica .pdf','Formato','FOr-RIMM-04-01/06-16',1,'2024-03-13 14:22:24',18,'2024-10-08 20:02:32','2024-10-08 20:02:32','Activo'),(390,49,'Formato de Registro Inspeccion Puntos Ecologicos','04 FOr RIPE 01 inspe punt.xlsx','04 FOr RIPE 01 inspe punt.pdf','Formato','FOr-RIPE-04-01/11-17',1,'2024-03-13 15:09:29',1,'2024-10-08 20:02:32','2024-10-08 20:02:32','Activo'),(391,49,'Formato de Registro de Lectura de Micromedidores','04 FOr RLM 01 reg lec micr.xlsx','04 FOr RLM 01 reg lec micr.pdf','Formato','FOr-RLM-04-01/08-13',1,'2024-03-13 15:13:52',16,'2024-10-08 20:02:32','2024-10-08 20:02:32','Activo'),(392,50,'Formato de Recepcion de Muestras Para Analisis En el laboratorio De Suelos','04 FOr RMALS 01 recp mues als.docx','04 FOr RMALS 01 recp mues als.pdf','Formato','FOr-RMALS-04-01/07-15',1,'2024-03-18 11:21:04',12,'2024-10-08 20:02:32','2024-10-08 20:02:32','Activo'),(393,49,'Formato de Registro Manejo de Residuos','04 FOr RMR 01 mane resid.xlsx','04 FOr RMR 01 mane resid.pdf','Formato','FOr-RMR-04-01/11-12',1,'2024-03-18 11:22:38',16,'2024-10-08 20:02:32','2024-10-08 20:02:32','Activo'),(394,49,'Formato Registro de Mortalidad de Ovinos','04 FOr RMUO 01 mortalidad ovi.xlsx','04 FOr RMUO 01 mortalidad ovi.pdf','Formato','FOr-RMUO-04-01/09-15 ',1,'2024-03-18 11:24:55',18,'2024-10-08 20:02:32','2024-10-08 20:02:32','Activo'),(395,50,'Formato Registro Prestacion de Herramientas','04 FOr RPH 01 regis prest.docx','04 FOr RPH 01 regis prest.pdf','Formato',' FOr-RPH-04-01/11-17',1,'2024-03-18 11:29:56',37,'2024-10-08 20:02:32','2024-10-08 20:02:32','Activo'),(396,49,'Formato Recoleccion de Residuos Posconsumo (BPA)','04 FOr RRPBPA 01 recol residu posco bpa.pdf','04 FOr RRPBPA 01 recol residu posco bpa.pdf','Formato','FOr-RRPBPA-04-01/07-16',1,'2024-03-18 11:31:34',2,'2024-10-08 20:02:32','2024-10-08 20:02:32','Activo'),(397,50,'Formato De Registro De Recepcion y Toma de Muestras Para Analisis Del Laboratorio','04 FOr RRTMAL 02 tom mues.docx','04 FOr RRTMAL 02 tom mues.pdf','Formato','FOr- RRTMAL 01-03/11-17',1,'2024-03-18 11:34:15',12,'2024-10-08 20:02:32','2024-10-08 20:02:32','Activo'),(398,49,'Formato de Registro de Siembra','04 FOr RS 01 reg siembra.xlsx','04 FOr RS 01 reg siembra.pdf','Formato','FOr-RS-04-01/11-12',1,'2024-03-18 11:45:09',18,'2024-10-08 20:02:32','2024-10-08 20:02:32','Activo'),(399,49,'Formato de Registro de Propagacion Por Semillas','04 FOr RS 04 01 reg siemb semi.xlsx','04 FOr RS 04 01 reg siemb semi.pdf','Formato','FOr-RPS-04-02/06-16',1,'2024-03-18 11:46:37',16,'2024-10-08 20:02:32','2024-10-08 20:02:32','Activo'),(400,49,'Formato Registro de Salida Producto Terminado Area de Pecuaria','04 FOr RSPTAP 02 produc termi.xlsx','04 FOr RSPTAP 02 produc termi.pdf','Formato','For-RSPTAP-04-02/11-17',1,'2024-03-18 11:48:40',18,'2024-10-08 20:02:32','2024-10-08 20:02:32','Activo'),(401,49,'Formato Registro de Traslado  ','04 FOr RDT 03 registro traslados.xlsx','04 FOr RDT 03 registro traslados.pdf','Formato','FOr-RDT-04-03/01-24',3,'2024-03-18 11:51:21',18,'2024-10-08 20:02:32','2024-10-08 20:02:32','Activo'),(402,49,'Formato Registro de Traslados de Semovientes y/o elementos','04 FOr RTSE 02  regis trans semov elemen .pdf','04 FOr RTSE 02  regis trans semov elemen .pdf','Formato','FOr-RTSE-04-02/06-16',1,'2024-03-18 11:52:57',18,'2024-10-08 20:02:32','2024-10-08 20:02:32','Activo'),(403,49,'Formato de Suministro de Alimento Piario','04 FOr SAA 01 sumi alimen api.pdf','04 FOr SAA 01 sumi alimen api.pdf','Formato','FOr-SAA-04-01/11-15',1,'2024-03-18 11:55:08',18,'2024-10-08 20:02:32','2024-10-08 20:02:32','Activo'),(404,49,'Formato Solicitud de Ambientes, Equipos y otros elementos Para orientar ','04 FOr SAEEOPF 02 solici pract.pdf','04 FOr SAEEOPF 02 solici pract.pdf','Formato','FOr-SAEEOPF-04-02/08-14',1,'2024-03-18 11:58:51',20,'2024-10-08 20:02:32','2024-10-08 20:02:32','Activo'),(405,50,'Formato de Solicitud de Servicios Unidad Agricola','04 FOr SDSUMA 04 solic serv mec.pdf','04 FOr SDSUMA 04 solic serv mec.pdf','Formato','FOr-SSUMA-04-01/05-16',1,'2024-03-18 12:01:06',48,'2024-10-08 20:02:32','2024-10-08 20:02:32','Activo'),(406,49,'Formato Salida de Plantas','04 FOr SP 01 salida plantas.docx','04 FOr SP 01 salida plantas.pdf','Formato','FOr-SP-04-01/11-12 ',1,'2024-03-18 12:03:11',20,'2024-10-08 20:02:32','2024-10-08 20:02:32','Activo'),(407,50,'Formato de Solicitud de Servicios Para Gestion a Cultivos Unidad de Mecanizacion Agricola','04 FOr SSGCUMA 04 solicit gestion a cult.pdf','04 FOr SSGCUMA 04 solicit gestion a cult.pdf','Formato','FOr-SSGCUMA-04-02/04-16',1,'2024-03-18 12:12:05',51,'2024-10-08 20:02:32','2024-10-08 20:02:32','Activo'),(408,49,'Formato Tratamiento de Agua','04 FOr TA 01 tra agua.docx','04 FOr TA 01 tra agua.pdf','Formato','FOr – TA  – 04-01/07-15',1,'2024-03-18 13:52:04',18,'2024-10-08 20:02:32','2024-10-08 20:02:32','Activo'),(409,49,'Formato de Trazabilidad y Control de Parametros de Produccion','04 FOr TCPP 01 trazab y param.docx','04 FOr TCPP 01 trazab y param.pdf','Formato','FOr-TCPP-04-01/04-13   ',1,'2024-03-18 13:54:09',17,'2024-10-08 20:02:32','2024-10-08 20:02:32','Activo'),(410,49,'Formato de Trazabilidad del Huevo Para consumo Humano','04 FOr THCH 01 tra hue con hum.docx','04 FOr THCH 01 tra hue con hum.pdf','Formato','FOr – THCH – 04-01/07-15',1,'2024-03-18 14:17:12',18,'2024-10-08 20:02:32','2024-10-08 20:02:32','Activo'),(411,49,'Formato de Tratamiento Termico de la Gallinaza o Codornaza','04 FOr TTGC 01 tra ter gall cod.docx','04 FOr TTGC 01 tra ter gall cod.pdf','Formato','FOr – TTGC- 04-01/07-15',1,'2024-03-18 14:18:31',18,'2024-10-08 20:02:32','2024-10-08 20:02:32','Activo'),(412,49,'Formato del Uso de Medicamentos Veterinarios','04 FOr UMV 01 uso med vet.docx','04 FOr UMV 01 uso med vet.pdf','Formato','FOr – UMV – 04-01/07-15',1,'2024-03-18 14:19:53',18,'2024-10-08 20:02:32','2024-10-08 20:02:32','Activo'),(413,49,'Formato de Vacunacion ','04 FOr V 01 vacunacion.docx','04 FOr V 01 vacunacion.pdf','Formato','FOr – V – 04-01/07-15',1,'2024-03-20 08:06:53',18,'2024-10-08 20:02:32','2024-10-08 20:02:32','Activo'),(414,50,'Formato De Verificacion Diaria de Labores de Limpieza y Desinfeccion','04 FOr VDLLD 02 l y d.docx','04 FOr VDLLD 02 l y d.pdf','Formato','FOr- VDLLD 04-02/11-17',1,'2024-03-20 08:08:30',34,'2024-10-08 20:02:32','2024-10-08 20:02:32','Activo'),(415,50,'Instructivo para el Manejo de la Planta de tratamiento de Agua y Caldera Area Agroindustria  ','04 INs 01 manejo pl aguas caldera f-229.pdf','04 INs 01 manejo pl aguas caldera f-229.pdf','Instructivo','Ns-MPTAYCAA 04-01/06-14 ',1,'2024-03-20 08:11:15',21,'2024-10-08 20:02:32','2024-10-08 20:02:32','Activo'),(416,50,'Instructivo Para la preparacion de Soluciones de Limpieza y Desinfeccion Area de Agroindustria','04 INs 01 preparacion soluciones Lyd f-30.pdf','04 INs 01 preparacion soluciones Lyd f-30.pdf','Instructivo','INs-PSLDAA 01/08-14',1,'2024-03-20 08:14:31',21,'2024-10-08 20:02:32','2024-10-08 20:02:32','Activo'),(417,49,'Instructivo Para el diligenciamiento registro de bajas ','04 INs DRB 01 dil reg bajas.docx','04 INs DRB 01 dil reg bajas.pdf','Instructivo','INs – DRB – 04-01/05-15 ',1,'2024-03-20 08:27:29',18,'2024-10-08 20:02:32','2024-10-08 20:02:32','Activo'),(418,49,'Instructivo Para el diligenciamiento Registro Diario de Produccion Pecuaria','04 INs DRDPP 01 dil reg dia pecua.docx','04 INs DRDPP 01 dil reg dia pecua.pdf','Formato','INs – DRDPP – 04-01/05-15',1,'2024-03-20 08:30:45',18,'2024-10-08 20:02:32','2024-10-08 20:02:32','Activo'),(419,49,'Instructivo Para el Diligenciamiento Registro de Entradas','04 INs DRE 01 dil reg entradras.docx','04 INs DRE 01 dil reg entradras.pdf','Instructivo','INs – DRE – 04-01/05-15',1,'2024-03-20 08:33:13',18,'2024-10-08 20:02:32','2024-10-08 20:02:32','Activo'),(420,49,'Instructivo Para el Diligenciamiento Registro de Traslado ','04 INs DRT 01 dil reg traslados.docx','04 INs DRT 01 dil reg traslados.pdf','Instructivo','INs – DRT – 05-01/05-15',1,'2024-03-20 08:36:08',18,'2024-10-08 20:02:32','2024-10-08 20:02:32','Activo'),(421,49,'Formato Nota de Produccion de Agroindustria','04 NPA 07 not produc.xlsx','04 NPA 07 not produc.pdf','Formato','FOr - NPA -  04-07/11-17',1,'2024-03-20 08:37:56',10,'2024-10-08 20:02:32','2024-10-08 20:02:32','Activo'),(422,50,'Formato Control de Maquinaria Mecanizacion','04-FOr-CMM-04-01 contrl maqu.docx','04-FOr-CMM-04-01 contrl maqu.pdf','Formato','FOr-CMM-04-01/11-12',1,'2024-03-20 08:39:30',50,'2024-10-08 20:02:32','2024-10-08 20:02:32','Activo'),(423,50,'Formato de Control de Mantenimiento de Maquinaria y Equipo','04-FOr-CMME-04-01 contrl ma eq.xlsx','04-FOr-CMME-04-01 contrl ma eq.pdf','Formato','FOr-CMME-04-01/11-12',1,'2024-03-20 08:41:13',50,'2024-10-08 20:02:32','2024-10-08 20:02:32','Activo'),(424,49,'Formato de Control Sanitario Individual ','04-FOr-CSI-04-01 con san indi.xlsx','04-FOr-CSI-04-01 con san indi.pdf','Formato','FOr-CSI-04-01/11-13',1,'2024-03-20 08:44:03',18,'2024-10-08 20:02:32','2024-10-08 20:02:32','Activo'),(425,49,'Formato Control de Entradas y Semovientes','04-FOR-DCDEYSDS-04-01 CESS.xlsx','04-FOR-DCDEYSDS-04-01 CESS.pdf','Formato','FOr-CESS-04-01/03-12',1,'2024-03-20 08:45:34',18,'2024-10-08 20:02:32','2024-10-08 20:02:32','Activo'),(426,49,'Formato Control de Peso','04-FOr-DCDP-04-01 contl peso.docx','04-FOr-DCDP-04-01 contl peso.pdf','Formato','FOr-CP-04-01/03-12 ',1,'2024-03-20 08:47:09',18,'2024-10-08 20:02:32','2024-10-08 20:02:32','Activo'),(427,49,'Formato Control de Sanitario ','04-FOr-DCSA-04-01 contr sanit.pdf','04-FOr-DCSA-04-01 contr sanit.pdf','Formato','FOr-DCSA-04-01/03-12 ',1,'2024-03-20 08:50:28',18,'2024-10-08 20:02:32','2024-10-08 20:02:32','Activo'),(428,49,'Formato de Registro de Control Trimestral de Machos','04-FOr-DCTDM_04-01 con tri mac.xlsx','04-FOr-DCTDM_04-01 con tri mac.pdf','Formato','FOr-RCTM-04-01/03-15',1,'2024-03-20 08:51:35',18,'2024-10-08 20:02:32','2024-10-08 20:02:32','Activo'),(429,49,'Formato de Herramientas','04-FOr-DHER-04-01 herramienta.xlsx','04-FOr-DHER-04-01 herramienta.pdf','Formato','FOr-HER-04-01/05-12',1,'2024-03-20 08:54:04',51,'2024-10-08 20:02:32','2024-10-08 20:02:32','Activo'),(430,49,'Formato de Muestreo Piscicultura','04-FOr-DMP-04-01 muestr pisci.xlsx','04-FOr-DMP-04-01 muestr pisci.pdf','Formato','FOr-MP-04-01/03-15',1,'2024-03-20 08:55:24',18,'2024-10-08 20:02:32','2024-10-08 20:02:32','Activo'),(431,49,'Formato de Palpaciones','04-FOr-DP-04-01 palpaciones.docx','04-FOr-DP-04-01 palpaciones.pdf','Formato','FOr-P-04-01/11-12',1,'2024-03-20 09:00:50',18,'2024-10-08 20:02:32','2024-10-08 20:02:32','Activo'),(432,49,'FOr-PP-04-01 / 03-12','04-FOr-DPDP-04-01 progra part.docx','04-FOr-DPDP-04-01 progra part.pdf','Formato','FOr-PP-04-01 / 03-12 ',1,'2024-03-20 09:07:07',18,'2024-10-08 20:02:32','2024-10-08 20:02:32','Activo'),(433,50,'Formato Registro de Consumo de Combustibles','04-FOr-DRCDC-04-01 reg con com.docx','04-FOr-DRCDC-04-01 reg con com.pdf','Formato','FOr-RCC-O4-01/08-13 ',1,'2024-03-20 09:08:35',51,'2024-10-08 20:02:32','2024-10-08 20:02:32','Activo'),(434,50,'Formato de Registro de Accidentes Laborales','04-FOR-DRDAL-04-01 acc lab.pdf','04-FOR-DRDAL-04-01 acc lab.pdf','Formato','FOR-DRDAL-04-01/05-12',1,'2024-03-20 09:10:36',38,'2024-10-08 20:02:32','2024-10-08 20:02:32','Activo'),(435,49,'Formato de Registro de Cosechas de Piscicultura','04-FOr-DRDCDP-04-01 cosech pis.xlsx','04-FOr-DRDCDP-04-01 cosech pis.pdf','Formato','FOr-RCP-04-01/03-15',1,'2024-03-20 09:12:09',18,'2024-10-08 20:02:32','2024-10-08 20:02:32','Activo'),(436,52,'Formato de Registro de Ventas','04-FOr-DRDV-04-01 reg ventas.xlsx','04-FOr-DRDV-04-01 reg ventas.pdf','Formato','FOr-DRDV-05-01/11-13',1,'2024-03-20 09:15:56',38,'2024-10-08 20:02:32','2024-10-08 20:02:32','Activo'),(437,49,'Formato de Registro para Precebos','04-FOr-DRPP-04-01 reg precebo.xlsx','04-FOr-DRPP-04-01 reg precebo.pdf','Formato','FOr-RP-04-01/11-13',1,'2024-03-20 09:17:15',18,'2024-10-08 20:02:32','2024-10-08 20:02:32','Activo'),(438,49,'Formato de Entrada de Insumos Ambientales','04-FOr-EIA-04-01 ent ins ambie.xlsx','04-FOr-EIA-04-01 ent ins ambie.pdf','Formato','FOr-EIA-04-01/03-15',1,'2024-03-20 09:19:10',36,'2024-10-08 20:02:32','2024-10-08 20:02:32','Activo'),(439,49,'Formato de Hoja de Vida de la Unidad de Piscicultura','04-FOr-HVUP-04-01 hoja vida pis.docx','04-FOr-HVUP-04-01 hoja vida pis.pdf','Formato','FOr-HVUP-04-01/08-12 ',1,'2024-03-20 09:26:15',18,'2024-10-08 20:02:32','2024-10-08 20:02:32','Activo'),(440,50,'Formato Informe de Prestacion de Servicios Mecanizacion ','04-FOr-IDPDSM-04-02  prestacion SSE.xls','04-FOr-IDPDSM-04-02  prestacion SSE.pdf','Formato','FOr-IDPDSM-04-02/03-15 ',1,'2024-03-20 09:28:15',48,'2024-10-08 20:02:32','2024-10-08 20:02:32','Activo'),(441,49,'Formato Manejo de Ensilaje','04-FOr-MDE-04-01 mane ensilaj.docx','04-FOr-MDE-04-01 mane ensilaj.pdf','Formato','FOr-ME-04-01/11-12',1,'2024-03-20 09:29:24',18,'2024-10-08 20:02:32','2024-10-08 20:02:32','Activo'),(442,49,'Formato de Registro de Pesaje y Famacha','04-FOr-PF-04-01 reg pes fama.xlsx','04-FOr-PF-04-01 reg pes fama.pdf','Formato','FOr- RPF-04-01 /02-15',1,'2024-03-20 09:31:00',18,'2024-10-08 20:02:32','2024-10-08 20:02:32','Activo'),(443,50,'Programa de Mantenimiento Preventivo de Tractores e Implementos Agricola','04-FOr-PMPTIA-04-01 MPTIA.xlsx','04-FOr-PMPTIA-04-01 MPTIA.pdf','Formato','FOr-PMPTIA-04-01/05-15',1,'2024-03-20 09:36:29',49,'2024-10-08 20:02:32','2024-10-08 20:02:32','Activo'),(444,49,'Formato Registro de Camada','04-FOr-RDC-04-01 reg camadas.pdf','04-FOr-RDC-04-01 reg camadas.pdf','Formato','FOr-RC-04-01/11-13',1,'2024-03-20 09:39:17',18,'2024-10-08 20:02:32','2024-10-08 20:02:32','Activo'),(445,49,'Formato de Registro Diario de Consumo y Saldo de Alimento ','04-FOr-RDCSA-04-02 cons sal alim.xlsx','04-FOr-RDCSA-04-02 cons sal alim.pdf','Formato','FOr-RDCSA-04-02/06-12 ',1,'2024-03-20 09:43:42',18,'2024-10-08 20:02:32','2024-10-08 20:02:32','Activo'),(446,50,'Formato de Registro de Determinacion de ACPM','04-FOr-RDDDAC-04-01 dete acpm.xlsx','04-FOr-RDDDAC-04-01 dete acpm.pdf','Formato','FOr-RDA-04-01/11-14',1,'2024-03-20 09:46:07',18,'2024-10-08 20:02:32','2024-10-08 20:02:32','Activo'),(447,49,'Formato de Registro Diario de Produccion Pecuaria','04-FOr-RDDPP-04-02 reg pro dia.xlsx','04-FOr-RDDPP-04-02 reg pro dia.pdf','Formato','FOr-RDPP-04-02/04-13 ',1,'2024-03-20 09:49:15',18,'2024-10-08 20:02:32','2024-10-08 20:02:32','Activo'),(448,49,'Formato Registro de Inventario de Enjambramientos','04-FOr-RIE-04-01  RI  enjambram.xlsx','04-FOr-RIE-04-01  RI  enjambram.pdf','Formato','FOr-RIE-04-01/11-14',1,'2024-03-20 09:53:41',18,'2024-10-08 20:02:32','2024-10-08 20:02:32','Activo'),(449,49,'Formato registro individual de hembra cria','04-FOr-RIHC-04-01  reg ind hem cria.xlsx','04-FOr-RIHC-04-01  reg ind hem cria.pdf','Formato','FOr- RIHC- 04-01/02-15',1,'2024-03-20 09:55:24',18,'2024-10-08 20:02:32','2024-10-08 20:02:32','Activo'),(450,49,'Formato de registro invidual de tratamientos','04-FOr-RIT-04-01 reg ind trata.xlsx','04-FOr-RIT-04-01 reg ind trata.pdf','Formato','FOr-RIT-04-01/03-15',1,'2024-03-20 09:56:53',18,'2024-10-08 20:02:32','2024-10-08 20:02:32','Activo'),(451,49,'Formato registro de mortalidad ','04-FOr-RM-04-01 mortalidad.xlsx','04-FOr-RM-04-01 mortalidad.pdf','Formato','FOr-RM-04-01/08-12 ',1,'2024-03-20 09:58:45',18,'2024-10-08 20:02:32','2024-10-08 20:02:32','Activo'),(452,49,'Formato registro de nacimiento ','04-FOr-RN-04-01 reg nacimien.xlsx','04-FOr-RN-04-01 reg nacimien.pdf','Formato','FOr-RN-04-01/10-14',1,'2024-03-20 10:00:04',18,'2024-10-08 20:02:32','2024-10-08 20:02:32','Activo'),(453,49,'Formato registro de produccion estanques','04-For-RPE-04-01 reg pro est.xlsx','04-For-RPE-04-01 reg pro est.pdf','Formato','FOr-RPE-04-01/08-13',1,'2024-03-20 10:01:54',18,'2024-10-08 20:02:32','2024-10-08 20:02:32','Activo'),(454,49,'Formato registro de propagacion por esquejes','04-FOr-RPS-04-01 reg siemb esqu.xlsx','04-FOr-RPS-04-01 reg siemb esqu.pdf','Formato','FOr-RPE-04-02/06-16',1,'2024-03-20 10:04:08',16,'2024-10-08 20:02:32','2024-10-08 20:02:32','Activo'),(455,49,'Formato de Registro de Servicios','04-FOr-RS-04-01 reg servic.xlsx','04-FOr-RS-04-01 reg servic.pdf','Formato','FOr-RS-04-01/11-13',1,'2024-03-20 10:09:13',16,'2024-10-08 20:02:32','2024-10-08 20:02:32','Activo'),(456,49,'Formato Tabla de Gestacion de la Cerda','04-FOr-RTG-04-01 tab ges cerda.xlsx','04-FOr-RTG-04-01 tab ges cerda.pdf','Formato','FOr-TGC-04-01/11-12',1,'2024-03-20 10:14:53',18,'2024-10-08 20:02:32','2024-10-08 20:02:32','Activo'),(457,50,'Formato registro de uso de medicamentos veterinarios unidad de ganaderia','04-FOr-RUMVUG-04-01  RUMV.xlsx','04-FOr-RUMVUG-04-01  RUMV.pdf','Formato','FOr-RUMVUG-04-01/05-15',1,'2024-03-20 10:19:52',18,'2024-10-08 20:02:32','2024-10-08 20:02:32','Activo'),(458,49,'Formato Sanidad Acuicola','04-FOr-SA 04-01 reg san acuicu.xlsx','04-FOr-SA 04-01 reg san acuicu.pdf','Formato','FOr-SA 04-01/06-14',1,'2024-03-20 10:21:21',18,'2024-10-08 20:02:32','2024-10-08 20:02:32','Activo'),(459,50,'Formato de Solicitud de Servicios Unidad de Mecanizacion Agricola','04-FOr-SDSUDMA-04-02 soli SUMA.xlsx','04-FOr-SDSUDMA-04-02 soli SUMA.pdf','Formato','FOr-SDSUMA-04-02/06-10',1,'2024-03-20 10:26:41',18,'2024-10-08 20:02:32','2024-10-08 20:02:32','Activo'),(460,50,'Instructivo de Produccion de Bienes Sena Empresa','04-INs PSE 04-01 instructivo PBSE.pdf','04-INs PSE 04-01 instructivo PBSE.pdf','Instructivo','INs PSE 04-01/03-15',1,'2024-03-20 10:58:03',38,'2024-10-08 20:02:32','2024-10-08 20:02:32','Activo'),(461,52,'Formato de Pedidos','05 FOr P 01 pedidos.xlsx','05 FOr P 01 pedidos.pdf','Formato','FOr-P-05-01/08-15',1,'2024-03-20 11:00:19',45,'2024-10-08 20:02:32','2024-10-08 20:02:32','Activo'),(462,52,'Formato  entrega de dinero a la administracion de la finca ','07 FOr EDDALA 01 entr dine adm.xlsx','07 FOr EDDALA 01 entr dine adm.pdf','Formato','\"FOr-EDDALA-07-01/02-24 \"				',1,'2024-03-20 11:01:43',45,'2024-10-08 20:02:32','2024-10-08 20:02:32','Activo'),(463,66,'Acta de Reuniones','06 FOr AR 01 acta reunio.docx','06 FOr AR 01 acta reunio.pdf','Formato','FOr-AR-06-01/02-13  ',1,'2024-03-20 11:04:25',39,'2024-10-08 20:02:32','2024-10-08 20:02:32','Activo'),(464,66,'Formato de Asistencia a Sena Empresa Area Agricola','06 FOr ASEAA 06 asist area agri.pdf','06 FOr ASEAA 06 asist area agri.pdf','Formato','FOr-ASEAA-06-02/05-16',1,'2024-03-20 11:06:47',18,'2024-10-08 20:02:32','2024-10-08 20:02:32','Activo'),(465,66,'Formato Asistencia a Turno Especial ','06 For ATE 01 asist turno espec.pdf','06 For ATE 01 asist turno espec.pdf','Formato','FOr-ATE-06-01/11-15',1,'2024-03-20 11:08:20',38,'2024-10-08 20:02:32','2024-10-08 20:02:32','Activo'),(466,66,'Formato de Control de Asistencia Agroindustria','06 FOr CAA control asis agro.pdf','06 FOr CAA control asis agro.pdf','Formato','FOr-CAA-06-02/09-15',1,'2024-03-20 11:10:20',25,'2024-10-08 20:02:32','2024-10-08 20:02:32','Activo'),(467,53,'Formato Check List Empalme ','06 FOr CLE 01 check list emp.pdf','06 FOr CLE 01 check list emp.pdf','Formato','FOr-CLE-06-01/09-16',1,'2024-03-20 11:14:21',40,'2024-10-08 20:02:32','2024-10-08 20:02:32','Activo'),(468,53,'Formato de entrevistas ','06 FOr FE 01 entrevista f-220.xlsx','06 FOr FE 01 entrevista f-220.pdf','Formato','FOr FE 06-01/11-12',1,'2024-03-20 11:15:54',44,'2024-10-08 20:02:32','2024-10-08 20:02:32','Activo'),(469,66,'Formato lista de Chequeo Turno Rutinario ','06 FOr LCTR 01 cheq turnos.pdf','06 FOr LCTR 01 cheq turnos.pdf','Formato','FOr-LCTR-06-01/11-13',1,'2024-03-20 11:18:31',25,'2024-10-08 20:02:32','2024-10-08 20:02:32','Activo'),(470,53,'Formato memorando sena empresa','06 For MG 02 mem sen.docx','06 For MG 02 mem sen.pdf','Formato','For-MSE-06-02/11-17',1,'2024-03-20 11:22:00',15,'2024-10-08 20:02:32','2024-10-08 20:02:32','Activo'),(471,66,'Formato memorando turnos ','06 For MT 02 mem turn.docx','06 For MT 02 mem turn.pdf','Formato','For-MT-06-02 / 11-17 ',1,'2024-03-20 11:23:21',15,'2024-10-08 20:02:32','2024-10-08 20:02:32','Activo'),(472,53,'Formato de Plan de Induccion ','06 FOr PI 01 plan inducc f-187.pdf','06 FOr PI 01 plan inducc f-187.pdf','Formato','FOr PI 06-01 / 04-10 ',1,'2024-03-20 11:24:38',15,'2024-10-08 20:02:32','2024-10-08 20:02:32','Activo'),(473,54,'Formato de Registro Horas Laborales','06 FOr RHL 03 regis  hor lab.xlsx','06 FOr RHL 03 regis  hor lab.pdf','Formato','FOr-RHL-06-03/05-12  ',1,'2024-03-20 11:26:01',44,'2024-10-08 20:02:32','2024-10-08 20:02:32','Activo'),(474,54,'Formato de Reporte Novedades de Nomina ','06 FOr RNN 01 repor nom.xlsx','06 FOr RNN 01 repor nom.pdf','Formato','FOr-RNN-06-01/11-17',1,'2024-03-20 11:28:59',44,'2024-10-08 20:02:32','2024-10-08 20:02:32','Activo'),(475,54,'Instructivo Para el diligenciamiento registro de horas laborales','06 INs DRHL 01 dilig horas lab.docx','06 INs DRHL 01 dilig horas lab.pdf','Instructivo','INs – DRHL – 06-01/09-15',1,'2024-03-20 11:30:26',44,'2024-10-08 20:02:32','2024-10-08 20:02:32','Activo'),(476,53,'Instructivo para Induccion y Empalme Sena Empresa','06 INs IE 01 ins indu empal se .pdf','06 INs IE 01 ins indu empal se .pdf','Instructivo','INS-IE-01/03-15',1,'2024-03-20 11:32:53',44,'2024-10-08 20:02:32','2024-10-08 20:02:32','Activo'),(477,53,'Reglamento interno de trabajo area de agroindustria','06 REg ITAA 02 reglamento int ag f.pdf','06 REg ITAA 02 reglamento int ag f.pdf','Formato','REg-ITAA-06-02/03-15',1,'2024-03-20 11:34:19',44,'2024-10-08 20:02:32','2024-10-08 20:02:32','Activo'),(478,66,'Formato Programacion de Turnos ','06-F0r-PT-06-01 progra turn.docx','06-F0r-PT-06-01 progra turn.pdf','Formato','FOr-PT-06-01/06-10',1,'2024-03-20 11:37:26',44,'2024-10-08 20:02:32','2024-10-08 20:02:32','Activo'),(479,53,'Formato de Asistencia a Capacitacion ','06-FOr-06-01 asist capacit.docx','06-FOr-06-01 asist capacit.pdf','Formato','FOr-AC-06-01/11-12 ',1,'2024-03-20 11:40:46',15,'2024-10-08 20:02:32','2024-10-08 20:02:32','Activo'),(480,55,'Formato de Asistencia a Sena Empresa','06-FOr-ASE-06-02  asi sen emp.xlsx','06-FOr-ASE-06-02  asi sen emp.pdf','Formato','FOr-ASE-06-02/11-12',1,'2024-03-20 11:42:12',44,'2024-10-08 20:02:32','2024-10-08 20:02:32','Activo'),(481,66,'Formato de Chequeo Turno de Quince dias','06-FOr-DCTDQD-06-02 lista ch TQ.xlsx','06-FOr-DCTDQD-06-02 lista ch TQ.pdf','Formato','FOr-CTQD-06-02/03-15',1,'2024-03-20 11:46:46',44,'2024-10-08 20:02:32','2024-10-08 20:02:32','Activo'),(482,66,'Formato de lista de chequeo turno rutinario laboratorio animal','06-FOr-LCTRLA-06-02  lis che TLA.xlsx','06-FOr-LCTRLA-06-02  lis che TLA.pdf','Formato','FOr-LCTRLA-06-01/11/12',2,'2024-03-20 14:05:59',18,'2024-10-08 20:02:32','2024-10-08 20:02:32','Activo'),(483,53,'Formato proceso de seleccion de sena empresa','06-FOr-PDSDSE-06-01 PSSE.xlsx','06-FOr-PDSDSE-06-01 PSSE.pdf','Formato','FOr-PDSDSE-06-01/11-12',1,'2024-03-20 14:08:14',15,'2024-10-08 20:02:32','2024-10-08 20:02:32','Activo'),(484,66,'Formato Solicitud de Turnos Especiales','06-FOr-SDTE-06-01 sol tur esp.docx','06-FOr-SDTE-06-01 sol tur esp.pdf','Formato','FOr-SDTE-06-01/05-10 ',1,'2024-03-20 14:11:55',44,'2024-10-08 20:02:32','2024-10-08 20:02:32','Activo'),(485,66,'Formato visitas a la unidad de ganaderia','06-FOr-VUG-06-01 visitas uni gan.docx','06-FOr-VUG-06-01 visitas uni gan.pdf','Formato','FOr-VUG-01-01/05-12 ',1,'2024-03-20 14:14:45',15,'2024-10-08 20:02:32','2024-10-08 20:02:32','Activo'),(486,56,'Formato de Control interno de actividades basicas para el lider contable y financiero','07 FOr CIABLCF 01 Cont int act.xlsx','07 FOr CIABLCF 01 Cont int act.pdf','Formato','FOr-CIABLCF-07-01/12-14',1,'2024-03-20 14:16:53',18,'2024-10-08 20:02:32','2024-10-08 20:02:32','Activo'),(487,44,'Formato cronograma de visitas unidad de ovinos','07 FOr CVUO 02 CRONOG.pdf','07 FOr CVUO 02 CRONOG.pdf','Formato','FOr-CVUO-07-02/06-16',1,'2024-03-20 14:19:37',18,'2024-10-08 20:02:32','2024-10-08 20:02:32','Activo'),(488,57,'Formato inventario de elementos de proteccion personal','07 FOr EPP 01 elem prot. Pers..xlsx','07 FOr EPP 01 elem prot. Pers..pdf','Formato','FOr-IEPP-07-01/09-15',1,'2024-03-20 14:32:07',40,'2024-10-08 20:02:32','2024-10-08 20:02:32','Activo'),(489,57,'Formato inventario de insumos ambientales','07 FOr IIA 01 invent d insumos.xlsx','07 FOr IIA 01 invent d insumos.pdf','Formato','FOr-IIA-07-01/06-16',1,'2024-03-20 14:33:41',36,'2024-10-08 20:02:32','2024-10-08 20:02:32','Activo'),(490,56,'Formato de registro consolidado de costos indirectos','07 FOr RCC 01 regis cost ind.xlsx','07 FOr RCC 01 regis cost ind.pdf','Formato','FOr-RCCI-07-01/11-14',1,'2024-03-20 14:35:17',18,'2024-10-08 20:02:32','2024-10-08 20:02:32','Activo'),(491,57,'Formato de registro de control de inventarios de elementos generales','07 FOr RCIDEG 01 invent elem g.xlsx','07 FOr RCIDEG 01 invent elem g.pdf','Formato','FOr-RCIEG-07-01/12-14',1,'2024-03-20 14:41:50',21,'2024-10-08 20:02:32','2024-10-08 20:02:32','Activo'),(492,57,'Formato control de inventarios de maquinaria y equipos','07 FOr RCIME 01 maq y equip.xlsx','07 FOr RCIME 01 maq y equip.pdf','Formato','FOr-RCIME-07-01/12-14  ',1,'2024-03-20 14:48:58',18,'2024-10-08 20:02:32','2024-10-08 20:02:32','Activo'),(493,57,'Instructivo para el diligenciamiento del formato de inventario diario ','07 INs DFID 01 dilig inv diario.docx','07 INs DFID 01 dilig inv diario.pdf','Instructivo','INs – DFID – 07-01/09-15',1,'2024-03-20 14:53:35',18,'2024-10-08 20:02:32','2024-10-08 20:02:32','Activo'),(494,49,'Instructivo para el manejo del almacen de agroindustria','07 INs MAA mane almac agroindus.docx','07 INs MAA mane almac agroindus.pdf','Instructivo','INs-MAA 07-01/09-15',1,'2024-03-20 14:55:39',10,'2024-10-08 20:02:32','2024-10-08 20:02:32','Activo'),(495,56,'Formato de imputacion contable de costos indirectos ','07-FOr-DICDCI-07-01 ICCI.xlsx','07-FOr-DICDCI-07-01 ICCI.pdf','Formato','FOr-DICDCI-07-01/11-14',1,'2024-03-20 14:59:45',25,'2024-10-08 20:02:32','2024-10-08 20:02:32','Activo'),(496,57,'Formato de inventario mecanizacion agricola','07-FOr-DIMA-07-01 inv mec agr.xlsx','07-FOr-DIMA-07-01 inv mec agr.pdf','Formato','FOr-IMA-07-01/03-15',1,'2024-03-20 15:01:11',1,'2024-10-08 20:02:32','2024-10-08 20:02:32','Activo'),(497,56,'Formato desprendible de nomina ','07-FOr-DNOM-07-01 despre nomina.pdf','07-FOr-DNOM-07-01 despre nomina.pdf','Formato','For-DNOM 07-01/10-13',1,'2024-03-20 15:03:45',41,'2024-10-08 20:02:32','2024-10-08 20:02:32','Activo'),(498,57,'Formato inventario de animales porcinos','07-FOr-IAP-07-01 invent anim.xlsx','07-FOr-IAP-07-01 invent anim.pdf','Formato','FOr-IAP-07-01/11-12',1,'2024-03-20 15:07:08',25,'2024-10-08 20:02:32','2024-10-08 20:02:32','Activo'),(499,57,'Formato inventario diario ','07-FOr-ID-07-01 invent diario.pdf','07-FOr-ID-07-01 invent diario.pdf','Formato','FOr-ID 07-01/02-15',1,'2024-03-20 15:10:41',2,'2024-10-08 20:02:32','2024-10-08 20:02:32','Activo'),(500,57,'Formato de inventario de semovientes','07-FOr-IS-07-01 inv semovie.xlsx','07-FOr-IS-07-01 inv semovie.pdf','Formato','FOr-IS-07-01/05-12',1,'2024-03-20 15:14:06',18,'2024-10-08 20:02:32','2024-10-08 20:02:32','Activo'),(501,58,'Formato para la aprobacion y estandarizacion de documentos','08 FOr AYEDD 01 aprob y est doc f-13.pdf','08 FOr AYEDD 01 aprob y est doc f-13.pdf','Formato','FOr-AYEDD 08-01/08-13',1,'2024-03-20 15:19:08',46,'2024-10-08 20:02:32','2024-10-08 20:02:32','Activo'),(502,58,'Formato de registro y verificacion de documentos en el listado maestro','08 FOr RVDLM 01 regis y veri.xlsx','08 FOr RVDLM 01 regis y veri.pdf','Formato','For-RVDLM-08-01/10-17',1,'2024-03-20 15:21:00',46,'2024-10-08 20:02:32','2024-10-08 20:02:32','Activo'),(503,58,'Formato solicitud de elaboracion, modificacion o cambio de documentos  ','08 FOr SEMCD solicitud elab.blanc..xlsx','08 FOr SEMCD solicitud elab.blanc..pdf','Formato','FOr-FEMCD 08-01/01-24 ',1,'2024-03-20 15:23:56',25,'2024-10-08 20:02:32','2024-10-08 20:02:32','Activo'),(504,58,'Instructivo para actualizacion de listado maestro en el blog sena empresa','08 INs 01 actuali listad maestro .pdf','08 INs 01 actuali listad maestro .pdf','Formato','INs-ALMBSE-02-01/04-16',1,'2024-03-20 15:26:26',42,'2024-10-08 20:02:32','2024-10-08 20:02:32','Activo'),(505,45,'Instructivo para nombrar archivos ','08 INs 01 Nomb De Archiv.pdf','08 INs 01 Nomb De Archiv.pdf','Formato','INs-NA-08-01/10-17',1,'2024-03-20 15:29:19',42,'2024-10-08 20:02:32','2024-10-08 20:02:32','Activo'),(506,58,'Instructivo para la elaboracion y codificacion de los documentos','08 INs 03 elaboracion document.pdf','08 INs 03 elaboracion document.pdf','Formato','INs-ECD-08-05/09-16',1,'2024-03-20 15:42:31',42,'2024-10-08 20:02:32','2024-10-08 20:02:32','Activo'),(508,50,'Formato de entrada y salida  de plantulas de laboratorio de biotecnologia','FOr-BIOTECNOLOGIA.pdf','FOr-BIOTECNOLOGIA.pdf','Formato','FOr-ESPLB-04-01/06-16',1,'2024-03-20 15:49:35',20,'2024-10-08 20:02:32','2024-10-08 20:02:32','Activo'),(509,49,'Formato de ecografias','FORMATO DE ECOGRAFIAS.xlsx','FORMATO DE ECOGRAFIAS.pdf','Formato','FOr-E-04-03/03-17',1,'2024-03-21 07:21:53',18,'2024-10-08 20:02:32','2024-10-08 20:02:32','Activo'),(510,52,'Formato de ventas diarias ','05 FOr DRDV 02 regist vent dia.xlsx','05 FOr DRDV 02 regist vent dia.pdf','Formato','FOr-DRVD-05-02/02-24',2,'2024-03-21 07:23:18',39,'2024-10-08 20:02:32','2024-10-08 20:02:32','Activo'),(511,49,'Formato fichas tecnicas','FORMATO FICHAS TECNICAS.pdf','FORMATO FICHAS TECNICAS.pdf','Formato','FOr-FTUP-04-02/ 05-16',1,'2024-03-21 07:25:52',40,'2024-10-08 20:02:32','2024-10-08 20:02:32','Activo'),(512,44,'Formato de actividades fin de semana','FORMATO FIN DE SEMANA.xlsx','FORMATO FIN DE SEMANA.pdf','Formato','For-AFS-01-01/03-17',1,'2024-03-21 07:30:27',47,'2024-10-08 20:02:32','2024-10-08 20:02:32','Activo'),(513,49,'Formato medicion de nitrogeno ','FORMATO MEDICION DE NITROGENO.xlsx','FORMATO MEDICION DE NITROGENO.pdf','Formato','FOr-MN-04-04/03-17',1,'2024-03-21 07:32:35',52,'2024-10-08 20:02:32','2024-10-08 20:02:32','Activo'),(514,58,'Manual de funciones y competencias ','Manual de Funciones y Competencias Version 03 del 2016.pdf','Manual de Funciones y Competencias Version 03 del 2016.pdf','Manual','MFc 06 03/04 16 ',1,'2024-03-21 07:38:43',47,'2024-10-08 20:02:32','2024-10-08 20:02:32','Activo'),(515,58,'Manual de procesos y procedimientos sena empresa ','MANUAL DE PROCESOS Y PROCEDIMIENTOS pdf.pdf','MANUAL DE PROCESOS Y PROCEDIMIENTOS pdf.pdf','Manual',' MPP-00-03/04-13 ',1,'2024-03-21 07:40:11',47,'2024-10-08 20:02:32','2024-10-08 20:02:32','Activo'),(516,58,'Manual de la calidad sena empresa ','MCa - MANUAL DE LA CALIDAD. 3 de mayo 2016.pdf','MCa - MANUAL DE LA CALIDAD. 3 de mayo 2016.pdf','Manual','MCa 02 05/09 16 ',1,'2024-03-21 07:41:56',47,'2024-10-08 20:02:32','2024-10-08 20:02:32','Activo');
/*!40000 ALTER TABLE `documentos` ENABLE KEYS */;
UNLOCK TABLES;

--
-- Table structure for table `procedimiento`
--

DROP TABLE IF EXISTS `procedimiento`;
/*!40101 SET @saved_cs_client     = @@character_set_client */;
/*!50503 SET character_set_client = utf8mb4 */;
CREATE TABLE `procedimiento` (
  `id_procedimiento` bigint(20) NOT NULL AUTO_INCREMENT,
  `nombre_procedimiento` varchar(300) NOT NULL,
  `id_proceso` int(11) NOT NULL,
  `nombre_directorio_procedimiento` varchar(300) NOT NULL,
  `createdAt` datetime DEFAULT current_timestamp(),
  `updatedAt` datetime DEFAULT current_timestamp() ON UPDATE current_timestamp(),
  `estado` enum('Activo','Inactivo') DEFAULT 'Activo',
  PRIMARY KEY (`id_procedimiento`)
) ENGINE=InnoDB AUTO_INCREMENT=72 DEFAULT CHARSET=latin1 COLLATE=latin1_swedish_ci;
/*!40101 SET character_set_client = @saved_cs_client */;

--
-- Dumping data for table `procedimiento`
--

LOCK TABLES `procedimiento` WRITE;
/*!40000 ALTER TABLE `procedimiento` DISABLE KEYS */;
INSERT INTO `procedimiento` VALUES (44,'Planeacion Administrativa y Operativa',24,'planeacionadministrativayoperativa','2024-10-08 20:02:09','2024-10-08 20:02:09','Activo'),(45,'Gestion de Innovacion',24,'gestiondeinnovacion','2024-10-08 20:02:09','2024-10-08 20:02:09','Activo'),(46,'Control y Mejora de Procesos',27,'controlymejoradeproceos','2024-10-08 20:02:09','2024-10-08 20:02:09','Activo'),(47,'Auditoria Interna',27,'auditoriainterna','2024-10-08 20:02:09','2024-10-08 20:02:09','Activo'),(48,'Planeacion Seguimiento y Evaluacion de Proyectos',31,'planeacionseguimientoyevaluaciondeproyectos','2024-10-08 20:02:09','2024-10-08 20:02:09','Activo'),(49,'Planeacion y Control de la produccion',23,'planeacionycontroldelaproduccion','2024-10-08 20:02:09','2024-10-08 20:02:09','Activo'),(50,'Prestacion y Control del Servicio',23,'prestacionycontroldelservicio','2024-10-08 20:02:09','2024-10-08 20:02:09','Activo'),(51,'Acciones Preventivas y Correctivas',27,'accionespreventivasycorrectivas','2024-10-08 20:02:09','2024-10-08 20:02:09','Activo'),(52,'Mercadeo y Ventas',29,'mercadeoyventas','2024-10-08 20:02:09','2024-10-08 20:02:09','Activo'),(53,'Seleccion Desarrollo y Evaluacion del Desempeño de Personal',26,'selecciondesarrolloyevaluaciondeldesempeñodepersonal','2024-10-08 20:02:09','2024-10-08 20:02:09','Activo'),(54,'Elaboracion de Nomina',26,'elaboraciondenomina','2024-10-08 20:02:09','2024-10-08 20:02:09','Activo'),(55,'Programacion y Control de Turnos',26,'programacionycontroldeturnos','2024-10-08 20:02:09','2024-10-08 20:02:09','Activo'),(56,'Gestion Financiera y Contable',25,'gestionfinancieraycontable','2024-10-08 20:02:09','2024-10-08 20:02:09','Activo'),(57,'Control de Inventarios',25,'controldeinventarios','2024-10-08 20:02:09','2024-10-08 20:02:09','Activo'),(58,'Control y Registro de Documentos',22,'controlyregistrodedocumentos','2024-10-08 20:02:09','2024-10-08 20:02:09','Activo'),(59,'Administrar Base de Datos',22,'administrarbasededatos','2024-10-08 20:02:09','2024-10-08 20:02:09','Activo'),(60,'Gestion de la Informacion',22,'gestiondelainformacion','2024-10-08 20:02:09','2024-10-08 20:02:09','Activo'),(65,'Limpieza y Desinfeccion',23,'limpiezaydesinfeccion','2024-10-08 20:02:09','2024-10-08 20:02:09','Activo'),(66,'Programacion y Control del Turno',26,'programacionycontroldelturno','2024-10-08 20:02:09','2024-10-08 20:02:09','Activo');
/*!40000 ALTER TABLE `procedimiento` ENABLE KEYS */;
UNLOCK TABLES;

--
-- Table structure for table `proceso`
--

DROP TABLE IF EXISTS `proceso`;
/*!40101 SET @saved_cs_client     = @@character_set_client */;
/*!50503 SET character_set_client = utf8mb4 */;
CREATE TABLE `proceso` (
  `id_proceso` bigint(20) NOT NULL AUTO_INCREMENT,
  `nombre_proceso` varchar(300) NOT NULL,
  `nombre_directorio_proceso` varchar(300) NOT NULL,
  `createdAt` datetime DEFAULT current_timestamp(),
  `updatedAt` datetime DEFAULT current_timestamp() ON UPDATE current_timestamp(),
  `estado` enum('Activo','Inactivo') DEFAULT 'Activo',
  PRIMARY KEY (`id_proceso`)
) ENGINE=InnoDB AUTO_INCREMENT=43 DEFAULT CHARSET=latin1 COLLATE=latin1_swedish_ci;
/*!40101 SET character_set_client = @saved_cs_client */;

--
-- Dumping data for table `proceso`
--

LOCK TABLES `proceso` WRITE;
/*!40000 ALTER TABLE `proceso` DISABLE KEYS */;
INSERT INTO `proceso` VALUES (22,'Gestion Documental','gestiondocumental','2024-10-08 20:01:40','2024-10-08 20:01:40','Activo'),(23,'Produccion de Bienes y Prestacion de Servicios','producciondebienesyprestaciondeservicios','2024-10-08 20:01:40','2024-10-08 20:01:40','Activo'),(24,'Gestion Administrativa','gestionadministrativa','2024-10-08 20:01:40','2024-10-08 20:01:40','Activo'),(25,'Gestion Contable Y Financiera','gestioncontableyfinanciera','2024-10-08 20:01:40','2024-10-08 20:01:40','Activo'),(26,'Gestion Del Talento Humano','gestiondeltalentohumano','2024-10-08 20:01:40','2024-10-08 20:01:40','Activo'),(27,'Mejora Continua','mejoracontinua','2024-10-08 20:01:40','2024-10-08 20:01:40','Activo'),(28,'Limpieza y Desinfeccion','limpiezaydesinfeccion','2024-10-08 20:01:40','2024-10-08 20:01:40','Activo'),(29,'Mercado y Ventas','mercadoyventas','2024-10-08 20:01:40','2024-10-08 20:01:40','Activo'),(30,'Planeacion y Control de la Produccion','planeacionycontroldelaproduccion','2024-10-08 20:01:40','2024-10-08 20:01:40','Activo'),(31,'Gestion de Proyectos','gestiondeproyectos','2024-10-08 20:01:40','2024-10-08 20:01:40','Activo');
/*!40000 ALTER TABLE `proceso` ENABLE KEYS */;
UNLOCK TABLES;

--
-- Table structure for table `responsable`
--

DROP TABLE IF EXISTS `responsable`;
/*!40101 SET @saved_cs_client     = @@character_set_client */;
/*!50503 SET character_set_client = utf8mb4 */;
CREATE TABLE `responsable` (
  `id_responsable` bigint(20) NOT NULL AUTO_INCREMENT,
  `nombre_responsable` varchar(500) NOT NULL,
  `createdAt` datetime DEFAULT current_timestamp(),
  `updatedAt` datetime DEFAULT current_timestamp() ON UPDATE current_timestamp(),
  `estado` enum('Activo','Inactivo') DEFAULT 'Activo',
  PRIMARY KEY (`id_responsable`)
) ENGINE=InnoDB AUTO_INCREMENT=62 DEFAULT CHARSET=latin1 COLLATE=latin1_swedish_ci;
/*!40101 SET character_set_client = @saved_cs_client */;

--
-- Dumping data for table `responsable`
--

LOCK TABLES `responsable` WRITE;
/*!40000 ALTER TABLE `responsable` DISABLE KEYS */;
INSERT INTO `responsable` VALUES (1,'GESTOR DE LA UNIDAD Y LIDER AGRICOLA','2024-10-08 20:01:04','2024-10-09 22:04:49','Activo'),(2,'INSTRUCTOR TECNICO','2024-10-08 20:01:04','2024-10-08 20:01:04','Activo'),(3,'GESTOR DE AGUAS','2024-10-08 20:01:04','2024-10-08 20:01:04','Activo'),(4,'GESTOR DE ALMACEN','2024-10-08 20:01:04','2024-10-08 20:01:04','Activo'),(5,'GESTOR MEJORA CONTINUA','2024-10-08 20:01:04','2024-10-08 20:01:04','Activo'),(6,'GESTOR CARNICOS','2024-10-08 20:01:04','2024-10-08 20:01:04','Activo'),(7,'GESTOR FRUHOR','2024-10-08 20:01:04','2024-10-08 20:01:04','Activo'),(8,'GESTOR LABORATORIO ACC','2024-10-08 20:01:04','2024-10-08 20:01:04','Activo'),(9,'GESTOR LACTEOS','2024-10-08 20:01:04','2024-10-08 20:01:04','Activo'),(10,'LIDER AGROINDUSTRIA','2024-10-08 20:01:04','2024-10-08 20:01:04','Activo'),(11,'GESTOR MERCADEO Y LOGISTICA','2024-10-08 20:01:04','2024-10-08 20:01:04','Activo'),(12,'GESTOR DEL LABORATORIO','2024-10-08 20:01:04','2024-10-08 20:01:04','Activo'),(13,'GESTOR PANIFICACION','2024-10-08 20:01:04','2024-10-08 20:01:04','Activo'),(14,'GESTOR POSCOSECHA','2024-10-08 20:01:04','2024-10-08 20:01:04','Activo'),(15,'GESTOR TALENTO HUMANO','2024-10-08 20:01:04','2024-10-08 20:01:04','Activo'),(16,'GESTOR AMBIENTAL','2024-10-08 20:01:04','2024-10-08 20:01:04','Activo'),(17,'GESTORES DE LAS PLANTAS','2024-10-08 20:01:04','2024-10-08 20:01:04','Activo'),(18,'GESTOR DE LA UNIDAD','2024-10-08 20:01:04','2024-10-08 20:01:04','Activo'),(19,'GESTORES Y LIDERES DE PRODUCCION','2024-10-08 20:01:04','2024-10-08 20:01:04','Activo'),(20,'GESTORES PLANTA Y GESTORES LABORATORIO','2024-10-08 20:01:04','2024-10-08 20:01:04','Activo'),(21,'GESTORES PLANTAS Y LIDER AGROINDUSTRIA','2024-10-08 20:01:04','2024-10-08 20:01:04','Activo'),(22,'GESTOR DE ASEGURAMIENTO Y CONTROL DE LA CALIDAD','2024-10-08 20:01:04','2024-10-08 20:01:04','Activo'),(23,'GESTORES  PLANTAS DE PRODUCCION Y GESTORES LABORATORIO','2024-10-08 20:01:04','2024-10-08 20:01:04','Activo'),(24,'GESTOR  PLANTA DE TRATAMIENTO DE AGUA','2024-10-08 20:01:04','2024-10-08 20:01:04','Activo'),(25,'GESTORES - LIDERES Y GERENTES','2024-10-08 20:01:04','2024-10-08 20:01:04','Activo'),(26,'GESTOR  DE LABORATORIO','2024-10-08 20:01:04','2024-10-08 20:01:04','Activo'),(27,'GESTORES DE LABORATORIO Y ASEGURAMIENTO DE LA CALIDAD Y MEJORA CONTINUA','2024-10-08 20:01:04','2024-10-08 20:01:04','Activo'),(28,'GESTORES DE LABORATORIO Y DE PLANTAS DE PRODUCCION','2024-10-08 20:01:04','2024-10-08 20:01:04','Activo'),(29,'GESTOR LIDER DE ASEGURAMIENTO Y CONTROL DE LA CALIDAD','2024-10-08 20:01:04','2024-10-08 20:01:04','Activo'),(30,'GESTOR DE PLANTA DE CARNICOS','2024-10-08 20:01:04','2024-10-08 20:01:04','Activo'),(31,'GESTOR DE PLANTA DE FRUHOR','2024-10-08 20:01:04','2024-10-08 20:01:04','Activo'),(32,'GESTOR DE PLANTA TRATAMIENTO DE AGUA','2024-10-08 20:01:04','2024-10-08 20:01:04','Activo'),(33,'GESTOR DE PANIFICACION','2024-10-08 20:01:04','2024-10-08 20:01:04','Activo'),(34,'LIDER AGROINDUSTRIA Y GESTOR AGROINDUSTRIA','2024-10-08 20:01:04','2024-10-08 20:01:04','Activo'),(35,' 	GESTORES DE LABORATORIO Y GESTOR DE POSCOSECHA ','2024-10-08 20:01:04','2024-10-08 20:01:04','Activo'),(36,' 	GESTOR VIVERO','2024-10-08 20:01:04','2024-10-08 20:01:04','Activo'),(37,'LIDER AMBIENTAL','2024-10-08 20:01:04','2024-10-08 20:01:04','Activo'),(38,'LIDERES DE PRODUCCION','2024-10-08 20:01:04','2024-10-08 20:01:04','Activo'),(39,'LIDERES DE MERCASENA','2024-10-08 20:01:04','2024-10-08 20:01:04','Activo'),(40,'GERENTE ADMINISTRATIVO','2024-10-08 20:01:04','2024-10-08 20:01:04','Activo'),(41,'LIDER CONTABLE Y FINANCIERO','2024-10-08 20:01:04','2024-10-08 20:01:04','Activo'),(42,'LIDER DE MEJORA CONTINUA','2024-10-08 20:01:04','2024-10-08 20:01:04','Activo'),(43,'LIDER DE LOS PROCESOS','2024-10-08 20:01:04','2024-10-08 20:01:04','Activo'),(44,'LIDER TALENTO HUMANO','2024-10-08 20:01:04','2024-10-08 20:01:04','Activo'),(45,'LIDER DE MERCADEO Y VENTAS - GESTOR DE MERCADEO Y VENTAS','2024-10-08 20:01:04','2024-10-08 20:01:04','Activo'),(46,'LIDER SGC','2024-10-08 20:01:04','2024-10-08 20:01:04','Activo'),(47,'ENCARGADOS DE LA OFCINA SENA EMPRESA','2024-10-08 20:01:04','2024-10-08 20:01:04','Activo'),(48,'LIDER DE MECANIZACION','2024-10-08 20:01:04','2024-10-08 20:01:04','Activo'),(49,'LIDER DE  MECANIZACION Y MANTENIMIENTO  ','2024-10-08 20:01:04','2024-10-08 20:01:04','Activo'),(50,'GESTOR DE MECANIZACION','2024-10-08 20:01:04','2024-10-08 20:01:04','Activo'),(51,'GESTOR DE LA UNIDAD Y LIDER DE MECANIZACION','2024-10-08 20:01:04','2024-10-08 20:01:04','Activo'),(52,'GESTOR DE LABORATORIO DE REPRODUCCION','2024-10-08 20:01:04','2024-10-08 20:01:04','Activo');
/*!40000 ALTER TABLE `responsable` ENABLE KEYS */;
UNLOCK TABLES;

--
-- Table structure for table `trigger_cuarentena`
--

DROP TABLE IF EXISTS `trigger_cuarentena`;
/*!40101 SET @saved_cs_client     = @@character_set_client */;
/*!50503 SET character_set_client = utf8mb4 */;
CREATE TABLE `trigger_cuarentena` (
  `id_document_cuarentena` int(11) NOT NULL AUTO_INCREMENT,
  `nombre_documento` varchar(400) NOT NULL,
  `id_procedimiento` int(10) NOT NULL,
  `version` int(10) NOT NULL,
  `codigo_version` varchar(400) NOT NULL,
  `nombre_documento_magnetico` varchar(400) NOT NULL,
  `nombre_documento_visualizacion` varchar(300) NOT NULL,
  `tipo_documento` varchar(400) NOT NULL,
  `id_document` int(11) NOT NULL,
  `id_responsable` int(10) NOT NULL,
  `fecha_cuarentena` datetime NOT NULL,
  PRIMARY KEY (`id_document_cuarentena`)
) ENGINE=InnoDB AUTO_INCREMENT=18 DEFAULT CHARSET=utf8mb4 COLLATE=utf8mb4_general_ci;
/*!40101 SET character_set_client = @saved_cs_client */;

--
-- Dumping data for table `trigger_cuarentena`
--

LOCK TABLES `trigger_cuarentena` WRITE;
/*!40000 ALTER TABLE `trigger_cuarentena` DISABLE KEYS */;
INSERT INTO `trigger_cuarentena` VALUES (7,'Formato de documento',48,2,'FRE-2301-WER','AdminLTE 3  DataTables.pdf  ','','Formato',521,18,'2024-03-22 09:15:33'),(8,'Instructivo Para la Atencion a Visitantes',44,1,'01 INs AV 01 ins atenc visitas','01 INs AV 01 ins atenc visitas.docx ','','Instructivo',306,40,'2024-03-22 11:10:05'),(9,'Produccion Formato Cosecha (BPA)  ',49,1,'FOr-CBPA-04-01/09-15  ','04 FOr CBPA 01 cosecha bpa.xlsx ','','Formato',279,1,'2024-03-22 11:12:44'),(10,'Formato Registro de Entradas ',49,1,'FOr-RE-04-01/11-14','04 FOr RE 02 registr entra.xls ','04 FOr RE 02 registr entra.pdf','Formato',386,18,'2024-04-23 10:53:36'),(11,'Formato Registro de Traslado ',49,1,'FOr-RT-04-01/11-14','04 FOr RT 01 regis traslados.docx ','04 FOr RT 01 regis traslados.pdf','Formato',401,18,'2024-04-23 10:59:19'),(12,'Formato de ventas diarias',52,1,'FOr-VD 05-02/03-17','FORMATO DE VENTAS DIARIAS.xlsx ','FORMATO DE VENTAS DIARIAS.pdf','Formato',510,39,'2024-04-23 11:06:16'),(13,'Formato solicitud de elaboracion, modificacion o cambio de documentos',58,1,'FOr-SEMCD 08-01/04-13','08 FOr SEMCD 01 solicitud elab f-186.pdf ','08 FOr SEMCD 01 solicitud elab f-186.pdf','Instructivo',503,25,'2024-04-29 11:09:17'),(14,'Formato de relacion de entrega de dinero de base en administracion de la finca',52,1,'FOR-REDBAF-05-01/08-15 ','05 FOr REDBAF 01 entre din admon.docx ','05 FOr REDBAF 01 entre din admon.pdf','Formato',462,45,'2024-04-29 12:20:56'),(16,'Formato Cronograma de Actividades',44,2,'01 FOr CDA 02 cronogra','01 FOr CDA 02 cronogra.xlsx ','01 FOr CDA 02 cronogra.pdf','Formato',296,15,'2024-07-24 10:23:26'),(17,'Formato de colecta de semen ',50,1,'FOr- RCDS -04-02/06-22','RECOLECCION DE SEMEN.xlsx ','RECOLECCION DE SEMEN.pdf','Formato',518,46,'2024-08-16 10:45:08');
/*!40000 ALTER TABLE `trigger_cuarentena` ENABLE KEYS */;
UNLOCK TABLES;

--
-- Table structure for table `usuarios`
--

DROP TABLE IF EXISTS `usuarios`;
/*!40101 SET @saved_cs_client     = @@character_set_client */;
/*!50503 SET character_set_client = utf8mb4 */;
CREATE TABLE `usuarios` (
  `id` int(11) NOT NULL AUTO_INCREMENT,
  `username` varchar(50) DEFAULT NULL,
  `email` varchar(100) DEFAULT NULL,
  `password` varchar(255) DEFAULT NULL,
  `reset_token` varchar(255) DEFAULT NULL,
  `reset_token_expiry` datetime DEFAULT NULL,
  `created_at` timestamp NOT NULL DEFAULT current_timestamp() ON UPDATE current_timestamp(),
  `createdAt` datetime DEFAULT NULL,
  `updatedAt` datetime DEFAULT NULL,
  `estado` enum('Activo','Inactivo') DEFAULT NULL,
  PRIMARY KEY (`id`)
) ENGINE=InnoDB AUTO_INCREMENT=17 DEFAULT CHARSET=utf8mb4 COLLATE=utf8mb4_general_ci;
/*!40101 SET character_set_client = @saved_cs_client */;

--
-- Dumping data for table `usuarios`
--

LOCK TABLES `usuarios` WRITE;
/*!40000 ALTER TABLE `usuarios` DISABLE KEYS */;
INSERT INTO `usuarios` VALUES (1,'marlon','cumbemarlon68@gmail.com','$2a$10$2uyWgxIpm0xBPmDzLNURoeudsN3FX4aUg.3Ctk8Rt76P7YnUMWLrW',NULL,NULL,'2024-10-11 07:30:47','2024-10-11 07:30:47','2024-10-11 07:30:47','Activo'),(2,'jesus','amayatapias5@gmail.com','$2a$10$VA7.oNK8RkDS2l3LSokbWe21vV0WMs3H7cyw3RGagj7TEwjZ8D/r2',NULL,NULL,'2024-10-11 07:32:34','2024-10-11 07:32:33','2024-10-11 07:32:33','Activo'),(3,'goldentor','uriel@pasado.com','$2a$10$I7oT1tZxoefEklAvPgxug.rl0lTRy0QfQLZ1.CCE4pJcWx61vBtAa',NULL,NULL,'2024-10-11 07:37:12','2024-10-11 07:37:12','2024-10-11 07:37:12','Activo'),(4,'goldentor','juanperez@example.com','$2a$10$VioDKesDDWh5iq3m.tiCgO/y4.32uw8tNZK8cz4cBymls7QJvIPJq',NULL,NULL,'2024-10-11 07:46:49','2024-10-11 07:46:49','2024-10-11 07:46:49','Activo'),(5,'anuel','marlon@gmail.com','$2a$10$I7XgwGMiohf/TxqCXOxcBOtM1mk61BH0TEpOzedZBzjlzlWZtYEeS',NULL,NULL,'2024-10-11 08:00:40','2024-10-11 08:00:40','2024-10-11 08:00:40','Activo'),(6,'SGC','ewdin@gmail.com','$2a$10$5dHBS8kH08dPm9GAmTBDquXfqsvUOCa2CNt56kstjUCrYXOrxJWdG',NULL,NULL,'2024-10-11 08:27:46','2024-10-11 08:27:46','2024-10-11 08:27:46','Activo'),(7,'james','cumbemarlon68@gmail.com','$2a$10$bRMrdz6JGcavVHVQfd6Vk.oq4kv4PjkJZ3uK0f654R1Xg.0eluAdu',NULL,NULL,'2024-10-11 08:48:26','2024-10-11 08:48:25','2024-10-11 08:48:25','Activo'),(8,'Super Administrador','cumbemarlon68@gmail.com','$2a$10$pEF8EBkFtYyvBKatWnVYhe5JBk12xjFWQmtHIKbrCJqIj0fXWd/Fu',NULL,NULL,'2024-10-14 14:22:56','2024-10-14 14:22:56','2024-10-14 14:22:56','Activo'),(9,'ocoro','pepe@gmail.com','$2a$10$vYn8/.yqOErYjOHLTMWMNu6WHRnbcl0MITJlh1VRL69KZ9m297xYC',NULL,NULL,'2024-10-14 14:57:56','2024-10-14 14:57:56','2024-10-14 14:57:56','Activo'),(10,'goldentor','juan.perez@example.com','$2a$10$iIMnHT0CHiCQUIvLbiHwwOwuTu0szcZe0ciIa4w4lDRaeROMV2gI6',NULL,NULL,'2024-10-14 15:15:42','2024-10-14 15:15:42','2024-10-14 15:15:42','Activo'),(11,'SGC','cumbemarlon68@gmail.com','$2a$10$wwf5NB2qlJzJbUqwuITAsuvIF7efFRR4VEjn675F0dxGaXNk3eyyi',NULL,NULL,'2024-10-14 15:18:52','2024-10-14 15:18:52','2024-10-14 15:18:52','Activo'),(12,'marlon','cumbemarlon68@gmail.com','$2a$10$6rlBaEPkKVTe6pTt00PziOErBLck4eerf3FgoC3Gcsx.OkImThwJy',NULL,NULL,'2024-10-14 15:48:01','2024-10-14 15:48:01','2024-10-14 15:48:01','Activo'),(13,'nuevoUsuario','nuevoUsuario@example.com','$2a$10$YZENBeYtlf5.LikQsutRn.MJmjQwd3dMQj95./SbdDrdin7nyzAuK',NULL,NULL,'2024-10-14 15:58:37','2024-10-14 15:58:37','2024-10-14 15:58:37','Activo'),(14,'ANUEL','anuel@gamil.com','$2a$10$dCnSqSAONoSD06/XEYaQP.4Z81kzU6vQ.HL0vWC2CACJzPXtWlZ8S',NULL,NULL,'2024-10-14 16:14:46','2024-10-14 16:14:46','2024-10-14 16:14:46','Activo'),(15,'Yair Morales','yairmoralesreyes802@gmail.com','$2a$10$wpmTSjDenFp7P5P6L0UpXuv13OmODSFq.HGs8s.7ecKLcE7dFXJta',NULL,NULL,'2024-10-14 17:25:35','2024-10-14 17:25:35','2024-10-14 17:25:35','Activo'),(16,'ÑENGO FLOW','nengoflow@gmail.com','$2a$10$msVxFxyIQuFn6xhf/benveLR5kNAHDGoMcnx/NlYQoKy6eHlCI6sy',NULL,NULL,'2024-10-14 19:51:08','2024-10-14 19:51:08','2024-10-14 19:51:08','Activo');
/*!40000 ALTER TABLE `usuarios` ENABLE KEYS */;
UNLOCK TABLES;
/*!40103 SET TIME_ZONE=@OLD_TIME_ZONE */;

/*!40101 SET SQL_MODE=@OLD_SQL_MODE */;
/*!40014 SET FOREIGN_KEY_CHECKS=@OLD_FOREIGN_KEY_CHECKS */;
/*!40014 SET UNIQUE_CHECKS=@OLD_UNIQUE_CHECKS */;
/*!40101 SET CHARACTER_SET_CLIENT=@OLD_CHARACTER_SET_CLIENT */;
/*!40101 SET CHARACTER_SET_RESULTS=@OLD_CHARACTER_SET_RESULTS */;
/*!40101 SET COLLATION_CONNECTION=@OLD_COLLATION_CONNECTION */;
/*!40111 SET SQL_NOTES=@OLD_SQL_NOTES */;

-- Dump completed on 2024-10-14 15:56:35
